City_ID,City,Country,Lat,Lng,Max Temp,Humidity,Cloudiness,Wind Speed,Current Description
0,Saskylakh,RU,71.9167,114.0833,14.0,86,93,1.68,overcast clouds
1,El Vigia,VE,8.6219,-71.6506,74.82,95,100,3.24,overcast clouds
2,Avarua,CK,-21.2078,-159.775,77.05,88,98,1.14,overcast clouds
3,Ushtobe,KZ,45.2514,77.9838,58.6,53,100,23.53,moderate rain
4,Bluff,NZ,-46.6,168.3333,53.8,68,94,21.47,overcast clouds
5,Ardakan,IR,32.31,54.0175,83.35,14,68,4.25,broken clouds
6,Tautira,PF,-17.7333,-149.15,81.12,69,16,4.45,few clouds
7,Kintampo,GH,8.0563,-1.7306,74.28,76,100,3.02,overcast clouds
8,Alta Floresta,BR,-9.8756,-56.0861,71.58,96,50,3.29,scattered clouds
9,Novopavlovka,RU,51.2172,109.2091,36.32,59,100,8.59,overcast clouds
10,Hermanus,ZA,-34.4187,19.2345,58.75,68,64,3.36,broken clouds
11,Nikolskoye,RU,59.7035,30.7861,44.49,98,100,3.87,light rain
12,Saint-Philippe,RE,-21.3585,55.7679,80.22,73,66,14.16,broken clouds
13,Cape Town,ZA,-33.9258,18.4232,59.92,76,0,5.99,clear sky
14,Katsuura,JP,35.1333,140.3,69.8,70,47,6.78,scattered clouds
15,Diamantina,BR,-18.2494,-43.6003,60.39,94,6,7.4,clear sky
16,Hobart,AU,-42.8794,147.3294,62.02,72,75,9.22,broken clouds
17,Yellowknife,CA,62.456,-114.3525,30.56,68,50,13.0,scattered clouds
18,Rikitea,PF,-23.1203,-134.9692,72.07,79,100,8.79,light rain
19,Gubkinskiy,RU,64.434,76.5026,26.13,86,100,4.36,overcast clouds
20,Isangel,VU,-19.55,169.2667,77.81,70,100,16.44,overcast clouds
21,Albany,US,42.6001,-73.9662,50.63,58,74,1.01,broken clouds
22,Faya,SA,18.3851,42.4509,69.91,35,3,7.05,clear sky
23,Port Lincoln,AU,-34.7333,135.8667,68.0,65,93,12.39,overcast clouds
24,Paamiut,GL,61.994,-49.6678,29.48,96,99,12.59,overcast clouds
25,Mahebourg,MU,-20.4081,57.7,80.26,69,40,12.66,scattered clouds
26,Hilo,US,19.7297,-155.09,72.25,97,82,1.01,broken clouds
27,Pemangkat,ID,1.1667,108.9667,83.91,76,99,6.11,overcast clouds
28,Lima,PE,-12.0432,-77.0282,67.89,77,93,7.49,overcast clouds
29,Norman Wells,CA,65.282,-126.8329,42.84,61,40,4.61,scattered clouds
30,Vaini,TO,-21.2,-175.2,76.93,78,100,14.16,light rain
31,Mountain Home,US,43.133,-115.6912,47.21,37,6,3.33,clear sky
32,Atuona,PF,-9.8,-139.0333,79.03,73,25,18.99,scattered clouds
33,Hamilton,US,39.1834,-84.5333,72.75,62,97,1.99,overcast clouds
34,Ko Samui,TH,9.5357,99.9357,85.35,69,87,5.53,overcast clouds
35,Pudozh,RU,61.8099,36.5345,38.5,82,81,8.32,broken clouds
36,Coos Bay,US,43.3665,-124.2179,54.93,96,92,4.68,overcast clouds
37,Dunmore Town,BS,25.5,-76.65,75.11,67,99,20.07,overcast clouds
38,Hithadhoo,MV,-0.6,73.0833,84.49,71,97,5.86,overcast clouds
39,Butaritari,KI,3.0707,172.7902,81.86,78,66,13.94,broken clouds
40,Kapaa,US,22.0752,-159.319,74.12,80,12,4.0,few clouds
41,San Angelo,US,31.4638,-100.437,57.54,86,100,10.36,overcast clouds
42,Busselton,AU,-33.65,115.3333,72.57,56,100,18.03,overcast clouds
43,Kodiak,US,57.79,-152.4072,42.17,80,52,0.09,light rain
44,Carnarvon,AU,-24.8667,113.6333,80.67,57,38,12.66,scattered clouds
45,Casino,AU,-28.8667,153.05,69.78,80,98,5.7,overcast clouds
46,Mahajanga,MG,-15.7167,46.3167,80.96,63,72,12.82,broken clouds
47,Druzhba,UA,52.0428,33.9453,53.69,68,5,12.71,clear sky
48,Chulym,RU,55.0997,80.9572,46.15,39,26,6.49,scattered clouds
49,Mehamn,NO,71.0357,27.8492,35.51,93,100,8.16,overcast clouds
50,Mar Del Plata,AR,-38.0023,-57.5575,63.88,76,100,13.0,light rain
51,Codrington,AU,-38.2667,141.9667,62.65,65,98,11.36,overcast clouds
52,Binzhou,CN,37.3667,118.0167,80.85,49,100,12.33,overcast clouds
53,Ushuaia,AR,-54.8,-68.3,35.56,92,93,2.37,overcast clouds
54,Punta Arenas,CL,-53.15,-70.9167,42.12,81,100,6.51,overcast clouds
55,Tianpeng,CN,30.9866,103.9393,76.48,44,99,4.59,overcast clouds
56,Arroyo,ES,41.6096,-4.7969,39.6,86,0,3.44,clear sky
57,Khatanga,RU,71.9667,102.5,11.05,85,94,4.7,overcast clouds
58,Macia,MZ,-25.0269,33.0989,73.26,83,0,2.84,clear sky
59,Samarai,PG,-10.6167,150.6667,83.21,74,84,13.29,broken clouds
60,Havre-Saint-Pierre,CA,50.2334,-63.5986,41.36,70,100,14.97,overcast clouds
61,San Cristobal,VE,7.7669,-72.225,66.72,96,98,1.28,overcast clouds
62,Kawalu,ID,-7.3817,108.2082,87.01,62,88,5.06,overcast clouds
63,Santiago Del Estero,AR,-27.7951,-64.2615,69.78,88,0,7.09,clear sky
64,Talakan,RU,50.3167,130.3667,50.97,22,72,6.11,broken clouds
65,Oum Hadjer,TD,13.2954,19.6966,92.14,13,99,3.33,overcast clouds
66,Belmonte,BR,-15.8631,-38.8828,76.91,87,70,6.85,broken clouds
67,Ilulissat,GL,69.2167,-51.1,26.62,93,100,4.61,overcast clouds
68,Srednekolymsk,RU,67.45,153.6833,23.54,90,100,13.78,overcast clouds
69,Poya,NC,-21.35,165.15,74.39,67,96,12.28,overcast clouds
70,Tomatlan,MX,19.9333,-105.25,66.33,92,1,1.61,clear sky
71,Akcaabat,TR,41.0212,39.5715,53.47,94,0,10.36,clear sky
72,Port Macquarie,AU,-31.4333,152.9167,69.89,57,83,6.02,broken clouds
73,Mocuba,MZ,-16.8392,36.9856,73.9,92,48,4.74,scattered clouds
74,Jalu,LY,29.0331,21.5482,73.04,29,32,2.51,scattered clouds
75,Bonthe,SL,7.5264,-12.505,75.4,85,100,5.73,overcast clouds
76,Barrow,US,71.2906,-156.7887,17.58,91,100,7.25,overcast clouds
77,Zhezkazgan,KZ,47.8043,67.7144,49.98,57,0,6.71,clear sky
78,Abha,SA,18.2164,42.5053,68.25,43,40,13.8,scattered clouds
79,Chuy,UY,-33.6971,-53.4616,62.56,84,34,11.63,moderate rain
80,Severo-Kurilsk,RU,50.6789,156.125,34.11,97,91,0.31,overcast clouds
81,Kavieng,PG,-2.5744,150.7967,84.38,70,100,7.85,overcast clouds
82,Atambua,ID,-9.1061,124.8925,83.43,51,94,2.1,overcast clouds
83,Karsava,LV,56.7841,27.6883,44.4,90,99,2.42,overcast clouds
84,Kaitangata,NZ,-46.2817,169.8464,52.72,74,85,14.9,overcast clouds
85,Tuktoyaktuk,CA,69.4541,-133.0374,17.6,93,0,9.22,clear sky
86,Coquimbo,CL,-29.9533,-71.3436,58.48,87,0,3.13,clear sky
87,Richards Bay,ZA,-28.783,32.0377,68.09,89,93,10.58,overcast clouds
88,Lavrentiya,RU,65.5833,-171.0,20.03,89,28,5.95,scattered clouds
89,Burnie,AU,-41.0667,145.9167,60.94,69,77,5.41,broken clouds
90,Cabedelo,BR,-6.9811,-34.8339,74.07,84,67,8.52,broken clouds
91,Zhigansk,RU,66.7697,123.3711,22.73,75,97,6.96,overcast clouds
92,Thompson,CA,55.7435,-97.8558,6.96,61,0,11.5,clear sky
93,Vardo,NO,70.3705,31.1107,35.58,80,75,5.75,broken clouds
94,Souillac,MU,-20.5167,57.5167,77.29,72,38,17.45,scattered clouds
95,Bredasdorp,ZA,-34.5322,20.0403,57.94,60,90,2.84,overcast clouds
96,La Palma,US,33.8464,-118.0467,73.42,38,0,0.0,clear sky
97,Provideniya,RU,64.3833,-173.3,30.36,86,0,4.47,clear sky
98,Arraial Do Cabo,BR,-22.9661,-42.0278,73.9,70,64,9.19,broken clouds
99,Blatnica,BA,44.4864,17.8233,53.37,69,79,3.49,broken clouds
100,Namatanai,PG,-3.6667,152.4333,84.72,66,71,6.24,broken clouds
101,Mataura,NZ,-46.1927,168.8643,53.47,87,96,8.7,overcast clouds
102,Talnakh,RU,69.4865,88.3972,1.2,88,93,3.89,overcast clouds
103,Puerto Escondido,MX,15.85,-97.0667,80.53,75,7,6.82,clear sky
104,Lebu,CL,-37.6167,-73.65,48.43,83,18,8.77,few clouds
105,Komsomolskiy,UZ,40.4272,71.7189,68.72,56,89,4.61,overcast clouds
106,Lompoc,US,34.6391,-120.4579,57.63,90,0,6.26,clear sky
107,Port Alfred,ZA,-33.5906,26.891,55.18,79,99,1.99,overcast clouds
108,Cabo San Lucas,MX,22.8909,-109.9124,72.52,50,0,9.51,clear sky
109,Bengkulu,ID,-3.8004,102.2655,84.18,71,85,8.77,overcast clouds
110,Hervey Bay,AU,-25.2986,152.8535,73.15,63,99,20.71,overcast clouds
111,Sembe,CG,1.6481,14.5806,73.22,90,100,1.1,overcast clouds
112,Roberval,CA,48.5168,-72.2324,34.32,84,100,6.82,overcast clouds
113,Adamovka,RU,51.5223,59.9396,53.49,37,30,6.33,scattered clouds
114,Laguna,US,38.421,-121.4238,64.31,54,0,6.91,clear sky
115,Jamestown,US,42.097,-79.2353,71.19,63,100,5.75,overcast clouds
116,Mezen,RU,65.8522,44.24,34.3,81,70,6.44,broken clouds
117,Qaanaaq,GL,77.484,-69.3632,-0.76,66,65,8.39,broken clouds
118,Quatre Cocos,MU,-20.2078,57.7625,79.09,72,25,17.96,light rain
119,Nanortalik,GL,60.1432,-45.2371,34.61,94,100,10.78,overcast clouds
120,Umm Kaddadah,SD,13.6017,26.6876,87.66,6,52,9.51,broken clouds
121,Gbarnga,LR,6.9956,-9.4722,70.0,97,100,2.62,overcast clouds
122,Maloy,NO,61.9353,5.1136,44.33,82,76,19.48,broken clouds
123,Geraldton,AU,-28.7667,114.6,79.21,50,92,19.57,overcast clouds
124,Banjar,ID,-8.19,114.9675,83.98,79,74,2.77,broken clouds
125,Lao Cai,VN,22.4833,103.95,98.46,36,2,2.1,clear sky
126,Dongkan,CN,33.9997,119.8308,60.6,98,100,10.51,light rain
127,Pamanukan,ID,-6.2842,107.8106,89.29,61,48,7.45,scattered clouds
128,Bandarbeyla,SO,9.4942,50.8122,84.69,62,63,7.74,broken clouds
129,Ponta Do Sol,PT,32.6667,-17.1,64.0,91,100,9.71,moderate rain
130,Castro,BR,-24.7911,-50.0119,56.14,99,9,4.83,clear sky
131,Faanui,PF,-16.4833,-151.75,80.56,72,21,3.51,few clouds
132,Guerrero Negro,MX,27.9769,-114.0611,63.37,63,0,10.38,clear sky
133,Matay,EG,28.419,30.7792,73.58,28,0,15.3,clear sky
134,El Alto,PE,-4.2714,-81.2147,69.42,77,87,11.65,overcast clouds
135,Ostrovnoy,RU,68.0531,39.5131,34.81,99,99,4.54,overcast clouds
136,Turukhansk,RU,65.8167,87.9833,17.8,76,100,4.85,overcast clouds
137,Krasnovishersk,RU,60.4078,57.082,38.23,96,100,4.99,overcast clouds
138,Moron,AR,-34.6534,-58.6198,69.69,89,100,9.22,thunderstorm with rain
139,Lagoa,PT,39.05,-27.9833,57.42,74,1,18.5,clear sky
140,Dikson,RU,73.5069,80.5464,15.78,91,100,20.07,overcast clouds
141,Port Elizabeth,ZA,-33.918,25.5701,60.31,81,95,8.01,overcast clouds
142,Mana,GF,5.6592,-53.7767,76.55,92,89,7.2,overcast clouds
143,Muravlenko,RU,63.7898,74.523,27.91,86,72,3.67,broken clouds
144,Te Anau,NZ,-45.4167,167.7167,51.49,79,78,3.89,broken clouds
145,Dingle,PH,10.9995,122.6711,88.63,63,70,12.8,broken clouds
146,Portland,US,45.5234,-122.6762,58.95,67,100,5.75,overcast clouds
147,Cayenne,GF,4.9333,-52.3333,80.1,1,20,1.99,few clouds
148,Fujin,CN,47.26,132.0322,63.21,25,100,7.54,overcast clouds
149,Upata,VE,8.0086,-62.3989,73.42,86,100,3.69,overcast clouds
150,Kulob,TJ,37.9145,69.783,75.96,50,20,4.47,few clouds
151,Spassk-Ryazanskiy,RU,54.4072,40.3806,55.42,82,83,8.25,broken clouds
152,Grindavik,IS,63.8424,-22.4338,39.67,100,75,8.05,broken clouds
153,Topeka,US,39.0483,-95.678,49.06,57,0,14.97,clear sky
154,Tuatapere,NZ,-46.1333,167.6833,51.03,83,88,10.18,overcast clouds
155,Naze,JP,28.3667,129.4833,77.92,83,5,5.93,clear sky
156,Victoria,HK,22.2855,114.1577,87.96,80,29,8.99,scattered clouds
157,Pisco,PE,-13.7,-76.2167,66.25,88,98,2.3,mist
158,Quelimane,MZ,-17.8786,36.8883,75.43,92,68,6.22,broken clouds
159,Yulara,AU,-25.2406,130.9889,78.69,29,49,4.59,scattered clouds
160,Inongo,CD,-1.95,18.2667,73.29,88,89,2.84,overcast clouds
161,Labytnangi,RU,66.6572,66.4183,20.53,80,52,3.71,broken clouds
162,Walvis Bay,NA,-22.9575,14.5053,58.89,69,0,2.75,clear sky
163,Namibe,AO,-15.1961,12.1522,69.19,84,7,2.44,clear sky
164,Cockburn Town,TC,21.4612,-71.1419,76.8,74,84,20.49,broken clouds
165,Kousseri,CM,12.0769,15.0306,92.75,23,84,3.6,broken clouds
166,Salalah,OM,17.0151,54.0924,86.09,70,40,9.22,scattered clouds
167,Saint-Augustin,CA,51.226,-58.6502,36.95,93,100,14.03,overcast clouds
168,Kuytun,RU,54.3419,101.5036,30.88,80,89,12.06,light snow
169,Wanaka,NZ,-44.7,169.15,58.1,67,23,1.99,few clouds
170,Restrepo,CO,3.822,-76.5224,62.94,97,100,1.88,overcast clouds
171,Chokurdakh,RU,70.6333,147.9167,13.21,92,71,5.88,broken clouds
172,Margate,GB,51.3813,1.3862,47.7,80,6,8.01,clear sky
173,Palmer,US,42.1584,-72.3287,44.92,77,0,3.44,clear sky
174,Cherskiy,RU,68.75,161.3,27.7,78,100,4.85,overcast clouds
175,Georgetown,MY,5.4112,100.3354,91.33,66,20,9.22,few clouds
176,College,US,64.8569,-147.8028,46.38,44,75,3.44,broken clouds
177,Taoudenni,ML,22.6783,-3.9836,71.89,32,0,8.63,clear sky
178,Tual,ID,-5.6667,132.75,84.27,66,29,3.27,scattered clouds
179,Mount Isa,AU,-20.7333,139.5,73.17,100,100,6.91,overcast clouds
180,Torbay,CA,47.6666,-52.7314,36.88,95,89,10.0,overcast clouds
181,Bardiyah,LY,31.7561,25.0865,63.91,68,55,4.74,broken clouds
182,East London,ZA,-33.0153,27.9116,60.85,64,64,14.65,broken clouds
183,Leh,IN,34.1667,77.5833,46.58,30,48,2.37,scattered clouds
184,Qaqortoq,GL,60.7167,-46.0333,34.02,92,100,3.89,overcast clouds
185,Monte Patria,CL,-30.6919,-70.9467,59.13,76,0,1.52,clear sky
186,Farah,AF,32.5,62.5,81.43,17,17,5.28,few clouds
187,San Patricio,US,28.017,-97.5169,78.89,92,53,16.78,broken clouds
188,Bacolod,PH,10.6667,122.95,89.38,63,42,12.1,scattered clouds
189,Krasnyy Kholm,RU,58.0607,37.1203,47.3,92,100,7.85,overcast clouds
190,Port Hedland,AU,-20.3167,118.5667,93.25,21,77,17.27,broken clouds
191,Madhugiri,IN,13.6606,77.2092,94.32,23,10,7.61,clear sky
192,Leningradskiy,RU,69.3833,178.4167,21.18,89,86,5.23,overcast clouds
193,Port Hardy,CA,50.6996,-127.4199,42.98,93,75,11.5,light intensity shower rain
194,Bethel,US,41.3712,-73.414,46.02,74,29,3.15,scattered clouds
195,Haines Junction,CA,60.7522,-137.5108,34.52,91,95,1.81,overcast clouds
196,Feltre,IT,46.0235,11.907,51.12,94,95,2.28,overcast clouds
197,Tiksi,RU,71.6872,128.8694,9.16,89,97,4.16,overcast clouds
198,Gomel,BY,52.4345,30.9754,55.81,71,100,11.18,overcast clouds
199,Hasaki,JP,35.7333,140.8333,77.4,69,35,8.5,scattered clouds
200,Sydney,AU,-33.8679,151.2073,70.36,64,40,12.66,scattered clouds
201,Puerto Ayora,EC,-0.7393,-90.3518,71.55,92,45,6.6,scattered clouds
202,Nyrob,RU,60.733,56.7202,41.05,85,99,6.08,overcast clouds
203,Rimouski,CA,48.4488,-68.524,32.52,84,95,2.68,overcast clouds
204,Puerto Colombia,CO,10.9878,-74.9547,80.69,77,76,15.19,broken clouds
205,Karratha,AU,-20.7377,116.8463,88.9,33,68,12.1,broken clouds
206,Menongue,AO,-14.6585,17.691,61.29,68,50,2.3,scattered clouds
207,Awjilah,LY,29.1081,21.2869,71.91,35,33,4.79,scattered clouds
208,Caravelas,BR,-17.7125,-39.2481,75.0,90,3,2.84,clear sky
209,Abu Kamal,SY,34.4506,40.9171,74.35,34,26,2.86,scattered clouds
210,Uruzgan,AF,32.8333,66.0,69.76,28,0,3.02,clear sky
211,New Norfolk,AU,-42.7826,147.0587,61.66,66,100,3.02,overcast clouds
212,Mataram,ID,-8.5833,116.1167,88.61,72,54,2.57,broken clouds
213,Kongolo,CD,-5.3833,27.0,71.62,93,89,1.72,overcast clouds
214,Baghdad,IQ,33.3406,44.4009,75.11,46,32,6.91,dust
215,Christchurch,NZ,-43.5333,172.6333,59.2,74,3,10.36,clear sky
216,Odweyne,SO,9.4092,45.064,76.28,63,99,13.0,light rain
217,Juneau,US,58.3019,-134.4197,44.22,96,75,3.44,broken clouds
218,Abnub,EG,27.2696,31.1511,78.12,18,0,7.54,clear sky
219,Honiara,SB,-9.4333,159.95,83.64,75,59,2.59,broken clouds
220,Zhuhai,CN,22.2769,113.5678,93.85,83,40,10.36,scattered clouds
221,Malinovoye Ozero,RU,51.6753,79.7825,49.05,28,67,11.21,broken clouds
222,Coihaique,CL,-45.5752,-72.0662,33.75,93,100,3.44,overcast clouds
223,Lorengau,PG,-2.0226,147.2712,84.58,64,95,6.96,overcast clouds
224,Araouane,ML,18.9048,-3.5265,72.14,30,0,10.65,clear sky
225,Shagamu,NG,6.8432,3.6478,75.56,86,94,2.04,overcast clouds
226,Vilhena,BR,-12.7406,-60.1458,68.07,95,56,2.64,broken clouds
227,Fort Nelson,CA,58.8053,-122.7002,33.3,99,98,2.98,overcast clouds
228,Fallon,US,39.4735,-118.7774,44.47,26,0,5.75,clear sky
229,Syasstroy,RU,60.1367,32.5691,39.94,97,100,8.34,light rain
230,Upington,ZA,-28.4478,21.2561,49.95,63,0,5.37,clear sky
231,Beringovskiy,RU,63.05,179.3167,29.16,79,100,16.06,overcast clouds
232,Tutoia,BR,-2.7619,-42.2744,76.66,89,99,5.5,overcast clouds
233,Bethanien,NA,-26.502,17.1583,47.41,51,0,1.72,clear sky
234,Marawi,PH,7.9986,124.2928,79.83,77,78,5.93,broken clouds
235,Longyearbyen,SJ,78.2186,15.6401,8.44,61,40,8.05,scattered clouds
236,Airai,TL,-8.9266,125.4092,74.3,44,94,2.77,overcast clouds
237,Kontagora,NG,10.3999,5.4695,76.68,82,61,5.73,broken clouds
238,Kyra,RU,49.5776,111.9753,31.69,89,100,7.99,snow
239,Real,PH,14.6625,121.6047,86.94,68,83,9.48,broken clouds
240,Puerto Cabezas,NI,14.0351,-83.3888,76.14,88,8,7.09,clear sky
241,Yangjiang,CN,21.85,111.9667,84.24,72,13,14.25,few clouds
242,Seydi,TM,39.4816,62.9137,73.36,26,20,10.71,few clouds
243,Kisesa,TZ,-3.0833,34.15,68.16,83,82,4.47,broken clouds
244,Poum,NC,-20.2333,164.0167,76.3,73,86,14.76,overcast clouds
245,Batemans Bay,AU,-35.7167,150.1833,66.09,68,89,4.29,overcast clouds
246,Ribeira Grande,PT,38.5167,-28.7,58.71,74,15,16.02,few clouds
247,Yacuiba,BO,-22.038,-63.6797,68.13,93,2,2.91,clear sky
248,Yakeshi,CN,49.2833,120.7333,37.35,77,100,18.16,overcast clouds
249,Gore,NZ,-46.1028,168.9436,49.93,85,92,10.27,overcast clouds
250,Orlik,RU,52.5178,99.825,23.63,41,82,10.98,broken clouds
251,Iwanai,JP,42.9744,140.5089,59.88,29,60,5.17,broken clouds
252,Broome,US,42.2506,-75.833,56.17,65,0,8.05,clear sky
253,New Albany,US,38.2856,-85.8241,75.29,60,75,13.8,broken clouds
254,Warmbad,NA,-28.45,18.7333,49.19,68,0,4.74,clear sky
255,Tarrafal,CV,15.2833,-23.7667,72.39,82,5,11.86,clear sky
256,Sulina,RO,45.1559,29.6536,57.29,68,98,8.3,overcast clouds
257,Vao,NC,-22.6667,167.4833,73.49,68,100,24.18,overcast clouds
258,Cidreira,BR,-30.1811,-50.2056,66.97,88,0,18.54,clear sky
259,Antalaha,MG,-14.9003,50.2788,77.58,86,97,7.78,light rain
260,Aklavik,CA,68.2191,-135.0107,30.27,89,100,4.54,overcast clouds
261,Madang,PG,-5.2246,145.7966,85.15,64,22,5.79,few clouds
262,Capiibary,PY,-24.8,-56.0333,74.59,68,47,9.01,scattered clouds
263,Zyryanka,RU,65.75,150.85,25.72,84,100,15.08,overcast clouds
264,Nuevo Imperial,PE,-13.0754,-76.3172,67.41,85,93,3.65,overcast clouds
265,Praxedis Guerrero,MX,31.3667,-106.0167,63.16,15,0,3.11,clear sky
266,Pangnirtung,CA,66.1451,-65.7125,23.02,95,100,5.37,light snow
267,Hofn,IS,64.2539,-15.2082,41.63,83,100,1.9,overcast clouds
268,Contamana,PE,-7.3333,-75.0167,72.66,99,99,0.94,light rain
269,Pacific Grove,US,36.6177,-121.9166,54.25,88,6,8.01,clear sky
270,Zakamensk,RU,50.3741,103.2863,28.2,43,100,9.75,overcast clouds
271,Bambous Virieux,MU,-20.3428,57.7575,79.21,72,22,18.25,light rain
272,Bac Lieu,VN,9.285,105.7244,89.91,57,58,12.19,broken clouds
273,Fontanka,UA,46.5626,30.8607,53.53,74,93,8.77,overcast clouds
274,Kenai,US,60.5544,-151.2583,43.03,91,100,3.44,light rain
275,Leua,SK,48.2156,18.6071,53.44,78,80,2.77,broken clouds
276,Pauini,BR,-7.7136,-66.9764,72.66,98,90,2.19,overcast clouds
277,Shenjiamen,CN,29.9576,122.298,64.44,95,96,21.9,overcast clouds
278,Wajir,KE,1.7471,40.0573,82.89,63,68,12.55,broken clouds
279,Klaksvik,FO,62.2266,-6.589,40.12,85,100,13.96,overcast clouds
280,Murgab,TM,37.4966,61.9714,82.11,30,68,9.26,broken clouds
281,Berlevag,NO,70.8578,29.0864,35.55,69,75,6.91,broken clouds
282,Vanimo,PG,-2.6741,141.3028,83.84,73,100,6.85,overcast clouds
283,Tezu,IN,27.9167,96.1667,90.95,33,95,1.12,overcast clouds
284,Eureka,US,40.8021,-124.1637,47.93,84,72,3.74,broken clouds
285,Tabas,IR,33.5959,56.9244,87.46,17,78,6.02,broken clouds
286,Lata,PT,40.1629,-8.3327,44.08,93,35,2.89,scattered clouds
287,Nemuro,JP,43.3236,145.575,43.09,59,87,8.46,overcast clouds
288,Narsaq,GL,60.9167,-46.05,37.62,89,100,1.28,overcast clouds
289,Kidal,ML,18.4411,1.4078,74.55,13,0,11.39,clear sky
290,Awbari,LY,26.5921,12.7805,71.4,13,80,12.39,broken clouds
291,San Juan,AR,-31.5375,-68.5364,68.83,18,2,6.44,clear sky
292,Dondo,MZ,-19.6094,34.7431,76.51,90,22,4.52,few clouds
293,Avera,US,33.194,-82.5271,62.65,83,32,6.22,scattered clouds
294,Krasnoselkup,RU,65.7,82.4667,13.62,66,98,2.15,overcast clouds
295,Praia Da Vitoria,PT,38.7333,-27.0667,52.75,87,15,16.46,light rain
296,Lethem,GY,3.3803,-59.7968,76.62,81,90,4.45,overcast clouds
297,Hastings,GB,50.8552,0.5729,47.12,81,10,15.86,clear sky
298,Axim,GH,4.8699,-2.2405,77.16,84,100,4.56,overcast clouds
299,Juba,SS,4.8517,31.5825,73.24,81,100,5.08,light rain
300,Viramgam,IN,23.1225,72.0484,99.27,15,0,13.6,clear sky
301,Sheltozero,RU,61.3667,35.3667,34.47,89,99,8.21,overcast clouds
302,Coahuayana,MX,18.7333,-103.6833,67.68,82,32,3.0,scattered clouds
303,Kalmunai,LK,7.4167,81.8167,87.85,63,66,6.4,broken clouds
304,Port Pirie,AU,-33.1833,138.0167,73.49,47,99,4.97,overcast clouds
305,Hwange,ZW,-18.3693,26.5019,70.63,63,4,0.74,clear sky
306,Bathsheba,BB,13.2167,-59.5167,79.41,83,75,17.27,broken clouds
307,Yamethin,MM,20.4333,96.15,103.68,25,0,7.87,clear sky
308,Ostuacan,MX,17.4167,-93.3,72.97,73,2,2.59,clear sky
309,Miracatu,BR,-24.2814,-47.4597,68.74,98,93,0.34,overcast clouds
310,Nioro,GM,13.35,-15.75,78.91,27,3,5.06,clear sky
311,North Bend,US,43.4065,-124.2243,54.86,91,100,9.22,overcast clouds
312,Burla,IN,21.5,83.8667,102.94,12,8,4.18,clear sky
313,Narasannapeta,IN,18.4167,84.05,98.42,44,0,15.3,clear sky
314,Khani,GE,41.9563,42.9566,56.77,47,0,3.49,clear sky
315,Constantine,DZ,36.365,6.6147,47.61,87,0,0.0,clear sky
316,Kruisfontein,ZA,-34.0033,24.7314,56.88,81,90,12.93,light rain
317,Asau,RO,46.4333,26.4,60.96,63,100,3.91,light rain
318,Henties Bay,NA,-22.116,14.2845,58.91,82,0,5.68,clear sky
319,Miaga,PH,12.2376,123.8167,85.42,74,74,9.35,broken clouds
320,Roald,NO,62.5833,6.1333,48.76,81,75,10.36,broken clouds
321,Rodino,RU,52.5,80.25,45.45,37,39,11.68,scattered clouds
322,Necochea,AR,-38.5473,-58.7368,65.97,52,89,17.49,overcast clouds
323,Chernihiv,UA,51.0,32.0,54.81,65,18,14.32,few clouds
324,Balkanabat,TM,39.5108,54.3671,75.94,25,100,14.54,overcast clouds
325,Lazaro Cardenas,MX,17.9583,-102.2,73.35,78,51,4.65,broken clouds
326,Ranong,TH,9.9658,98.6348,91.42,55,93,3.02,overcast clouds
327,Washington,US,47.5001,-120.5015,54.0,58,98,3.76,overcast clouds
328,Sorong,ID,-0.8833,131.25,85.03,71,36,10.89,scattered clouds
329,Fairbanks,US,64.8378,-147.7164,46.4,43,100,3.44,overcast clouds
330,Jiamusi,CN,46.8333,130.35,65.14,24,99,0.31,overcast clouds
331,Mangan,IN,27.5167,88.5333,81.39,57,5,7.34,clear sky
332,Sharkan,RU,57.2989,53.8712,51.15,70,96,4.5,overcast clouds
333,Arman,RU,59.7,150.1667,36.01,58,77,11.23,broken clouds
334,Penzance,GB,50.1186,-5.5371,50.68,81,98,15.41,overcast clouds
335,Araguacu,BR,-12.9306,-49.8264,71.33,91,28,1.16,scattered clouds
336,Russell,US,32.3502,-85.1999,67.23,100,0,0.0,clear sky
337,Chakia,IN,26.4167,85.05,104.4,8,0,9.71,clear sky
338,Skibbereen,IE,51.55,-9.2667,52.11,85,57,15.17,broken clouds
339,Nuqui,CO,5.7125,-77.2708,76.95,87,86,2.59,light rain
340,Padilla,CO,3.2204,-76.3139,67.57,97,100,0.83,overcast clouds
341,Upernavik,GL,72.7868,-56.1549,0.86,84,47,4.79,scattered clouds
342,Talitsy,RU,56.5289,42.3344,50.27,92,100,6.76,overcast clouds
343,Okhotsk,RU,59.3833,143.3,35.24,75,43,8.32,scattered clouds
344,Riyadh,SA,24.6877,46.7219,71.74,37,100,9.04,overcast clouds
345,Yumen,CN,40.2833,97.2,67.57,24,46,14.92,scattered clouds
346,Chara,RU,56.9064,118.2631,33.21,39,74,4.29,broken clouds
347,Little Rock,US,34.7465,-92.2896,72.97,89,100,5.75,overcast clouds
348,Tessalit,ML,20.1986,1.0114,72.07,20,0,8.46,clear sky
349,Inhambane,MZ,-23.865,35.3833,78.78,78,40,0.0,scattered clouds
350,Aljezur,PT,37.3191,-8.8033,51.91,89,3,2.71,clear sky
351,Bambanglipuro,ID,-7.95,110.2833,85.26,70,100,8.72,overcast clouds
352,Manaus,BR,-3.1019,-60.025,79.29,100,0,2.3,clear sky
353,Saldanha,ZA,-33.0117,17.9442,56.03,81,0,9.8,clear sky
354,Padang,ID,-0.9492,100.3543,84.25,79,100,5.39,overcast clouds
355,Evensk,RU,61.95,159.2333,30.61,82,100,22.77,overcast clouds
356,Yeppoon,AU,-23.1333,150.7333,76.78,77,100,22.15,overcast clouds
357,Tubmanburg,LR,6.8708,-10.8172,71.29,94,99,2.95,overcast clouds
358,Bubaque,GW,11.2833,-15.8333,77.04,73,71,8.95,broken clouds
359,Bud,US,39.447,-86.1758,67.46,95,100,8.79,light rain
360,Hami,CN,42.8,93.45,72.41,19,11,11.03,few clouds
361,Ilhabela,BR,-23.7781,-45.3581,72.12,89,89,10.02,overcast clouds
362,Togur,RU,58.3631,82.8265,42.57,59,99,11.74,overcast clouds
363,Arys,KZ,42.4252,68.795,64.44,34,0,6.67,clear sky
364,Yaan,NG,7.3833,8.5667,76.41,79,98,6.6,overcast clouds
365,Ahipara,NZ,-35.1667,173.1667,61.09,78,75,9.13,broken clouds
366,Bayir,TR,37.2687,28.2167,52.32,35,62,2.28,broken clouds
367,Itarema,BR,-2.9248,-39.9167,75.02,92,99,6.08,light rain
368,Yar-Sale,RU,66.8333,70.8333,17.53,83,34,5.39,scattered clouds
369,Bandarban,BD,22.1965,92.2262,102.7,29,3,5.91,clear sky
370,Suntar,RU,62.1444,117.6319,34.86,64,100,6.31,overcast clouds
371,Vung Tau,VN,10.346,107.0843,85.42,69,72,9.66,broken clouds
372,Prieska,ZA,-29.6641,22.7474,50.99,65,0,7.7,clear sky
373,Barentu,ER,15.1139,37.5928,86.56,23,14,0.29,few clouds
374,Bontang,ID,0.1333,117.5,85.08,69,87,3.69,light rain
375,Nieuw Amsterdam,SR,5.8833,-55.0833,79.02,91,98,7.14,overcast clouds
376,Saint-Francois,FR,46.4154,3.9054,51.24,82,100,8.05,light rain
377,Tiznit,MA,29.5833,-9.5,52.61,87,82,4.5,broken clouds
378,Sorochinsk,RU,52.4338,53.1583,54.19,71,100,10.92,overcast clouds
379,Mount Gambier,AU,-37.8333,140.7667,68.29,47,100,5.23,overcast clouds
380,Port Blair,IN,11.6667,92.75,91.44,58,20,8.05,few clouds
381,Puerto Madero,MX,14.7208,-92.4215,79.0,83,40,4.61,scattered clouds
382,Nyuksenitsa,RU,60.4128,44.2397,37.24,85,97,6.78,overcast clouds
383,Baherden,TM,38.4362,57.4316,76.33,32,79,13.2,broken clouds
384,Muros,ES,42.7762,-9.0603,46.83,94,99,7.31,overcast clouds
385,Arzachena,IT,41.0769,9.3887,56.64,77,19,13.13,few clouds
386,Esperance,AU,-33.8667,121.9,73.92,47,72,6.98,broken clouds
387,Intipuca,SV,13.1969,-88.0544,78.58,76,45,2.66,scattered clouds
388,Harlingen,US,26.1906,-97.6961,78.71,92,100,18.41,overcast clouds
389,Kasongo-Lunda,CD,-6.4667,16.8167,71.22,97,99,1.1,moderate rain
390,Lasa,IT,46.6166,10.7002,40.37,82,81,3.87,broken clouds
391,Los Llanos De Aridane,ES,28.6585,-17.9182,62.35,91,75,19.57,broken clouds
392,Chicama,PE,-7.8447,-79.1469,59.54,86,89,5.41,overcast clouds
393,Tenno,JP,39.9,139.9667,57.25,84,29,4.88,scattered clouds
394,Hit,IQ,33.6416,42.8251,74.21,35,76,10.2,broken clouds
395,Dalbandin,PK,28.8947,64.4101,90.45,13,33,3.0,scattered clouds
396,Peniche,PT,39.3558,-9.3811,48.45,87,16,7.34,few clouds
397,Kavaratti,IN,10.5669,72.642,84.69,69,23,2.35,few clouds
398,San Quintin,MX,30.4833,-115.95,62.04,66,0,0.67,clear sky
399,Minab,IR,27.1467,57.0801,93.02,26,17,5.84,few clouds
400,Jishou,CN,28.3167,109.7167,81.1,71,91,2.51,overcast clouds
401,Mitsamiouli,KM,-11.3847,43.2844,82.02,77,100,10.78,light rain
402,Kutum,SD,14.2,24.6667,82.49,8,67,6.96,broken clouds
403,Muskogee,US,35.5834,-95.3336,57.27,98,100,6.91,overcast clouds
404,Bilibino,RU,68.0546,166.4372,22.39,83,86,4.76,overcast clouds
405,Luanda,AO,-8.8368,13.2343,77.0,88,75,6.91,broken clouds
406,Manono,CD,-7.3,27.4167,70.05,97,100,2.77,light rain
407,Stephenville,US,32.2207,-98.2023,56.77,93,100,8.05,light rain
408,Ballina,AU,-28.8667,153.5667,70.02,69,98,10.11,overcast clouds
409,Conceicao Do Araguaia,BR,-8.2578,-49.2647,71.26,96,72,0.4,broken clouds
410,Malanje,AO,-9.5402,16.341,64.69,89,97,1.39,overcast clouds
411,Aripuana,BR,-9.1667,-60.6333,72.37,96,6,1.68,clear sky
412,Los Lunas,US,34.8062,-106.7334,54.39,23,0,1.01,clear sky
413,Fortuna,US,40.5982,-124.1573,45.99,87,0,0.0,clear sky
414,Bennettsville,US,34.6174,-79.6848,65.03,85,0,0.0,clear sky
415,Boyolangu,ID,-8.1181,111.8935,84.4,73,97,8.23,overcast clouds
416,Toora-Khem,RU,52.4675,96.11,36.0,34,82,2.95,broken clouds
417,Maple Creek,CA,49.9168,-109.4848,43.21,60,19,5.75,few clouds
418,Washougal,US,45.5826,-122.3534,58.82,68,100,1.99,overcast clouds
419,Kulhudhuffushi,MV,6.6221,73.07,84.76,71,14,6.69,few clouds
420,Kato Khorion,GR,35.05,25.7833,62.35,77,14,3.0,few clouds
421,Husavik,IS,66.0449,-17.3389,41.72,90,100,2.26,overcast clouds
422,Tuy Hoa,VN,13.0833,109.3,88.47,64,75,11.27,broken clouds
423,Thunder Bay,CA,48.4001,-89.3168,40.98,90,100,8.05,overcast clouds
424,Maun,BW,-19.9833,23.4167,68.97,55,5,3.49,clear sky
425,Pocatello,US,42.8713,-112.4455,43.66,54,0,10.0,clear sky
426,Tiarei,PF,-17.5333,-149.3333,80.01,70,23,5.84,few clouds
427,Port Moresby,PG,-9.4431,147.1797,82.99,71,39,4.68,scattered clouds
428,Praesto,DK,55.1178,12.0573,42.44,68,5,10.36,clear sky
429,Lulea,SE,65.5842,22.1547,33.87,86,0,4.61,clear sky
430,Carutapera,BR,-1.195,-46.02,74.55,94,22,5.23,few clouds
431,Ust-Kuyga,RU,70.0167,135.6,16.2,82,89,4.63,overcast clouds
432,Bako,ET,5.7833,36.5667,65.73,90,99,2.42,light rain
433,Saint George,US,37.1041,-113.5841,61.39,23,0,14.97,clear sky
434,Inta,RU,66.0317,60.1659,31.8,93,95,13.24,overcast clouds
435,Hobyo,SO,5.3505,48.5268,86.2,61,27,9.55,scattered clouds
436,Belle Fourche,US,44.6714,-103.8522,40.51,92,100,6.51,overcast clouds
437,Piney Green,US,34.716,-77.3202,69.73,98,0,3.44,clear sky
438,Horsham,GB,51.064,-0.3272,45.32,85,75,13.8,broken clouds
439,Xichang,CN,27.8964,102.2634,79.05,41,56,2.55,broken clouds
440,Labuhan,ID,-6.8844,112.2051,87.15,66,52,5.26,broken clouds
441,Berdigestyakh,RU,62.0989,126.6992,30.78,67,81,6.35,broken clouds
442,Waipawa,NZ,-41.4122,175.5153,50.92,80,35,1.79,scattered clouds
443,Mirnyy,RU,62.5353,113.9611,33.24,34,100,11.01,overcast clouds
444,Pimentel,PE,-6.8367,-79.9342,65.75,91,68,12.64,broken clouds
445,Calatayud,ES,41.3535,-1.6432,47.55,71,29,1.95,scattered clouds
446,Padrauna,IN,26.9025,83.9819,104.76,8,0,11.77,clear sky
447,Sungairaya,ID,0.7,108.9,82.31,78,99,3.85,overcast clouds
448,Tacuati,PY,-23.45,-56.5833,79.83,60,25,7.18,scattered clouds
449,Imeni Poliny Osipenko,RU,52.4201,136.4853,33.1,91,43,3.65,scattered clouds
450,Seoul,KR,37.5683,126.9778,76.39,48,100,2.19,overcast clouds
451,Phuntsholing,BT,26.8516,89.3884,87.37,52,0,7.49,clear sky
452,Pavilosta,LV,56.8879,21.1859,44.51,92,100,10.56,overcast clouds
453,Popondetta,PG,-8.7537,148.2534,86.31,58,94,5.41,overcast clouds
454,Ixtapa,MX,20.7,-105.2,73.22,80,1,2.75,clear sky
455,Khanpur,PK,28.6453,70.6567,105.58,7,20,4.03,few clouds
456,Ust-Ishim,RU,57.6935,71.1665,52.25,54,81,10.04,broken clouds
457,Sorland,NO,67.667,12.6934,39.06,81,75,12.66,broken clouds
458,Hovd,MN,48.0056,91.6419,35.53,24,69,7.43,broken clouds
459,Bella Vista,US,36.4295,-94.2316,55.27,96,100,15.01,moderate rain
460,Taltal,CL,-25.4,-70.4833,61.99,82,0,2.93,clear sky
461,Dunedin,NZ,-45.8742,170.5036,55.8,68,64,23.0,broken clouds
462,Takoradi,GH,4.8845,-1.7554,78.48,86,100,5.35,overcast clouds
463,Vitim,RU,59.4511,112.5578,35.24,71,100,10.25,light snow
464,Ozinki,RU,51.1786,49.6769,59.32,60,100,10.33,overcast clouds
465,Maridi,SS,4.9158,29.4742,68.22,95,100,6.51,overcast clouds
466,Cerritos,US,33.8583,-118.0648,73.38,39,0,0.0,clear sky
467,Jasper,US,37.2001,-94.3502,55.31,94,75,0.0,broken clouds
468,Ancud,CL,-41.8697,-73.8203,46.22,74,76,19.84,light rain
469,Camacha,PT,33.0833,-16.3333,60.22,88,75,16.11,broken clouds
470,Mangrol,IN,21.1167,70.1167,92.16,40,0,16.04,clear sky
471,Iskateley,RU,67.6803,53.1512,30.56,88,98,6.91,overcast clouds
472,Tazovskiy,RU,67.4667,78.7,9.68,85,34,5.86,scattered clouds
473,Iqaluit,CA,63.7506,-68.5145,20.93,92,75,18.41,broken clouds
474,Siparia,TT,10.1333,-61.5,75.81,95,88,1.01,overcast clouds
475,Pinehurst,US,35.1954,-79.4695,65.19,80,0,10.36,clear sky
476,Zadar,HR,44.1197,15.2422,52.41,100,20,6.91,few clouds
477,Mobile,US,30.7835,-88.2,69.89,87,40,5.75,scattered clouds
478,Praya,CV,14.9215,-23.5087,72.14,53,0,10.36,clear sky
479,Abu Samrah,SY,35.3029,37.1841,76.75,27,0,7.52,clear sky
480,Ribeira Brava,PT,32.65,-17.0667,64.0,93,100,10.02,moderate rain
481,Maumere,ID,-8.6199,122.2111,86.29,60,100,6.17,overcast clouds
482,Demyansk,RU,57.643,32.466,44.1,94,97,5.68,overcast clouds
483,Ushirombo,TZ,-3.4919,31.9639,66.92,93,100,4.52,overcast clouds
484,Asekeyevo,RU,53.5742,52.7972,54.59,70,100,8.14,overcast clouds
485,Ulaanbaatar,MN,47.9077,106.8832,30.33,47,40,24.61,scattered clouds
486,Igarka,RU,67.4667,86.5833,13.21,80,92,3.11,overcast clouds
487,Estevan,CA,49.1334,-102.9842,25.88,92,53,6.76,broken clouds
488,Sitka,US,57.0531,-135.33,42.69,81,20,3.44,few clouds
489,Alihe,CN,50.5667,123.7167,48.74,34,100,12.44,overcast clouds
490,Vestmannaeyjar,IS,63.4427,-20.2734,43.2,80,5,8.28,clear sky
491,Sicuani,PE,-14.2694,-71.2261,44.49,74,99,1.77,overcast clouds
492,Bila Tserkva,UA,49.8094,30.1121,57.29,71,92,15.86,overcast clouds
493,Grootfontein,NA,-19.5667,18.1167,58.57,63,0,4.61,clear sky
494,Benghazi,LY,32.1167,20.0667,64.94,58,43,10.83,scattered clouds
495,Odienne,CI,9.51,-7.5692,74.66,67,70,3.02,broken clouds
496,Adwa,ET,14.1646,38.8955,74.53,34,9,2.71,clear sky
497,Koumac,NC,-20.5667,164.2833,76.32,70,87,17.34,overcast clouds
498,Tondano,ID,1.3038,124.9112,82.49,78,62,2.39,broken clouds
499,Singkang,MY,2.1006,102.7994,86.13,74,97,2.42,overcast clouds
500,Green Valley,US,31.8543,-110.9937,67.01,17,0,1.77,clear sky
501,Ishigaki,JP,24.3448,124.1572,80.04,87,1,15.21,clear sky
502,Salzhemmendorf,DE,52.067,9.5872,45.46,92,100,3.78,light rain
503,Makinsk,KZ,52.6292,70.4169,45.46,28,87,5.01,overcast clouds
504,Muzhi,RU,65.3667,64.6667,29.55,91,83,2.39,broken clouds
505,Grafton,US,42.207,-71.6856,45.19,69,0,5.75,clear sky
506,Korla,CN,41.7597,86.1469,78.01,18,90,11.1,overcast clouds
507,Aldan,RU,58.6031,125.3894,32.59,65,100,8.1,light snow
508,Korhogo,CI,9.45,-5.6333,74.79,77,100,4.21,overcast clouds
509,Ust-Ilimsk,RU,58.0006,102.6619,34.25,72,100,8.68,overcast clouds
510,Harper,LR,4.375,-7.7169,79.54,83,100,2.33,light rain
511,Tasiilaq,GL,65.6145,-37.6368,26.76,67,86,4.32,overcast clouds
512,Hirara,JP,24.8,125.2833,78.78,90,2,15.28,clear sky
513,Kedzierzyn-Kozle,PL,50.3498,18.2261,51.78,82,49,5.82,scattered clouds
514,Altamira,BR,-3.2033,-52.2064,71.24,99,76,2.08,broken clouds
515,Khudumelapye,BW,-23.8833,24.75,62.8,52,46,8.99,scattered clouds
516,Emerald,AU,-23.5333,148.1667,66.34,84,100,20.24,light rain
517,Oranjemund,NA,-28.55,16.4333,53.78,72,0,8.97,clear sky
518,Aban,RU,56.67,96.06,38.62,49,100,11.14,overcast clouds
519,Aitape,PG,-3.1374,142.3475,84.13,74,100,6.69,overcast clouds
520,Pevek,RU,69.7008,170.3133,13.77,91,58,1.5,broken clouds
521,Wattegama,LK,6.7989,81.4808,92.16,51,60,1.88,broken clouds
522,Charagua,BO,-19.8,-63.2167,71.87,79,14,13.89,few clouds
523,Gandajika,CD,-6.75,23.95,69.42,92,69,3.13,broken clouds
524,Sao Filipe,CV,14.8961,-24.4956,73.56,74,7,7.81,clear sky
525,Grand-Lahou,CI,5.1367,-5.0242,77.45,82,100,4.59,overcast clouds
526,Isla Mujeres,MX,21.2311,-86.731,78.85,79,2,15.52,clear sky
527,Hutang,CN,31.5333,119.4833,71.26,93,100,3.91,heavy intensity rain
528,Zhaozhou,CN,45.6833,125.3167,77.41,22,70,18.86,broken clouds
529,Lavumisa,SZ,-27.31,31.892,68.36,93,98,2.66,light rain
530,Carbonia,IT,39.1672,8.5222,49.15,76,2,2.62,clear sky
531,Harrisonville,US,38.6533,-94.3488,52.21,56,93,8.81,overcast clouds
532,Nouadhibou,MR,20.931,-17.0347,64.38,88,0,11.5,clear sky
533,Humpolec,CZ,49.5415,15.3593,46.51,94,100,3.85,light rain
534,Jyvaskyla,FI,62.2415,25.7209,39.54,70,0,2.3,clear sky
535,Japura,ID,-0.3167,102.35,90.39,60,99,0.69,moderate rain
536,Kloulklubed,PW,7.0419,134.2556,79.3,73,81,7.9,broken clouds
537,Bayan,CN,46.0833,127.4,71.62,22,79,8.55,broken clouds
538,Lake City,US,30.1897,-82.6393,67.71,100,0,4.61,clear sky
539,Carupano,VE,10.6678,-63.2585,76.05,91,27,9.95,scattered clouds
540,Clyde River,CA,70.4692,-68.5914,8.83,85,100,9.22,light snow
541,Chunoyar,RU,57.4467,97.3217,36.68,75,100,10.13,overcast clouds
542,Zeya,RU,53.75,127.2667,48.2,17,1,6.33,clear sky
543,Flinders,AU,-34.5833,150.8552,69.19,81,100,4.0,light rain
544,Shieli,KZ,44.1667,66.75,62.04,44,15,11.79,few clouds
545,Nizhnyaya Poyma,RU,56.1622,97.1933,36.88,54,100,10.69,overcast clouds
546,Draguignan,FR,43.5333,6.4667,57.0,75,0,4.61,clear sky
547,Veisiejai,LT,54.1,23.7,42.62,90,100,3.44,overcast clouds
548,Neryungri,RU,56.6709,124.6491,32.27,61,85,5.5,light snow
549,Rio Grande,BR,-32.035,-52.0986,63.95,91,2,17.92,clear sky
550,Alghero,IT,40.5589,8.3181,57.29,100,20,9.22,few clouds
551,Onega,RU,63.9061,38.1404,36.91,71,29,3.69,scattered clouds
552,Cibitoke,BI,-2.8833,29.25,64.06,88,100,0.72,overcast clouds
553,Yokadouma,CM,3.5167,15.05,72.05,87,100,1.77,overcast clouds
554,Zemio,CF,5.0314,25.1361,72.12,91,98,1.39,overcast clouds
555,Rafaela,AR,-31.2503,-61.4867,72.0,62,33,13.42,scattered clouds
556,Nageshwari,BD,25.9377,89.7148,90.75,50,10,5.39,clear sky
557,Sarakhs,IR,36.5449,61.1577,80.74,50,91,2.3,overcast clouds
558,Alcudia,ES,39.8532,3.1214,56.37,64,69,5.08,broken clouds
559,Kiomboi,TZ,-4.2667,34.3667,66.51,80,99,1.36,overcast clouds
560,Saint-Gabriel,CA,46.3001,-73.3824,40.68,61,100,7.83,overcast clouds
561,Shasta Lake,US,40.6804,-122.3708,61.52,59,50,3.76,scattered clouds
562,Kotaparh,IN,19.15,82.35,104.11,13,5,4.92,clear sky
563,Gidam,IN,18.9833,81.4,108.1,15,18,3.36,few clouds
564,Constitucion,CL,-35.3333,-72.4167,53.31,88,98,0.78,overcast clouds
565,Barra Do Garcas,BR,-15.89,-52.2567,72.55,78,45,1.01,scattered clouds
566,Almeida,ES,41.2665,-6.0735,38.89,82,100,4.23,overcast clouds
567,Hede,CN,33.7681,120.2517,60.08,98,100,11.72,light rain
568,Taksimo,RU,56.3444,114.8794,37.69,39,100,2.01,overcast clouds
569,Wuhu,CN,31.3366,118.3755,70.56,97,100,6.2,overcast clouds
570,Fort Frances,CA,48.5999,-93.4003,34.02,56,100,13.8,overcast clouds
571,Powell,US,40.1578,-83.0752,71.6,60,0,12.66,clear sky
572,Montero,BO,-17.3333,-63.25,76.1,91,62,7.65,broken clouds
573,Marsh Harbour,BS,26.5412,-77.0636,73.74,68,3,18.43,clear sky
574,Deputatskiy,RU,69.3,139.9,14.63,81,100,3.49,overcast clouds
575,Port-Cartier,CA,50.0334,-66.8654,37.62,90,94,4.5,overcast clouds
576,Mirpur Mathelo,PK,28.0227,69.5489,107.01,9,5,6.55,clear sky
577,Oparino,RU,59.8518,48.2783,40.89,73,34,3.85,scattered clouds
578,Noumea,NC,-22.2763,166.4572,78.01,99,100,16.44,overcast clouds
579,Linhares,BR,-19.3911,-40.0722,74.84,84,47,9.42,scattered clouds
580,Quito,EC,-0.2299,-78.5249,49.15,94,100,0.94,light rain
581,Marzuq,YE,14.4,46.4667,81.48,32,45,6.73,scattered clouds
582,Oktyabrskoye,RU,43.0645,44.7417,60.94,67,2,4.47,clear sky
583,Kemijarvi,FI,66.7131,27.4306,38.53,76,99,5.91,overcast clouds
584,La Asuncion,VE,11.0333,-63.8628,76.1,88,30,11.03,scattered clouds
585,Cangucu,BR,-31.395,-52.6756,60.96,62,2,6.78,clear sky
586,Gemunden,DE,50.05,9.7,48.78,84,98,2.48,overcast clouds
587,Camopi,GF,3.1655,-52.3158,71.42,99,65,1.81,broken clouds
588,Morant Bay,JM,17.8815,-76.4093,76.62,82,69,8.63,broken clouds
589,Kon Tum,VN,14.35,108.0,94.69,37,17,3.29,few clouds
590,Bilma,NE,18.6853,12.9164,88.61,9,1,4.36,clear sky
591,George,ZA,-33.963,22.4617,54.95,88,75,6.91,light rain
592,Panguna,PG,-6.3164,155.4848,76.37,81,66,1.28,light rain
593,Shu,KZ,43.5983,73.7614,61.61,48,49,13.98,scattered clouds
594,Basoko,CD,1.2391,23.616,71.92,91,100,3.11,overcast clouds
595,Kahului,US,20.8947,-156.47,75.85,76,40,18.41,scattered clouds
596,Nantai,CN,40.9241,122.8044,76.46,46,98,18.37,overcast clouds
597,Molina,CL,-35.1167,-71.2833,54.37,100,100,0.0,overcast clouds
598,Terrace,CA,54.5163,-128.6035,44.51,100,100,11.5,light rain
599,Gwadar,PK,25.1216,62.3254,84.42,64,0,9.82,clear sky
600,Byron Bay,AU,-28.65,153.6167,69.94,67,97,10.67,overcast clouds
601,Bend,US,44.0582,-121.3153,50.14,66,0,3.0,clear sky
602,Beaverlodge,CA,55.2166,-119.4361,46.09,72,99,4.68,overcast clouds
603,Ostersund,SE,63.1792,14.6357,39.61,86,75,17.27,broken clouds
604,Tabou,CI,4.423,-7.3528,77.4,88,100,11.39,light rain
605,Alofi,NU,-19.0595,-169.9187,76.89,94,40,4.61,scattered clouds
606,Luderitz,NA,-26.6481,15.1594,55.33,47,0,11.21,clear sky
607,Ketchikan,US,55.3422,-131.6461,44.58,100,100,3.44,overcast clouds
608,Gobabis,NA,-22.45,18.9667,57.78,52,17,12.66,few clouds
609,Kjollefjord,NO,70.9457,27.3465,32.05,90,100,5.86,light snow
610,Matara,LK,5.9485,80.5353,85.95,69,89,5.82,overcast clouds
611,Shirokiy,RU,49.758,129.523,50.43,29,72,6.35,broken clouds
612,Ajdabiya,LY,30.7554,20.2263,69.66,42,48,10.33,scattered clouds
613,Vieux-Habitants,GP,16.0589,-61.7659,72.72,79,85,9.15,overcast clouds
614,Scarborough,GB,54.2797,-0.4044,45.79,88,19,3.0,few clouds
615,Solnechnyy,RU,50.7214,136.6319,34.03,90,96,4.43,overcast clouds
616,San Carlos Del Zulia,VE,9.0,-71.9135,73.78,98,100,7.11,overcast clouds
617,Butembo,CD,0.15,29.2833,61.25,90,100,0.69,overcast clouds
618,Forio,IT,40.7342,13.8646,61.83,79,0,1.99,clear sky
619,Velikooktyabrskiy,RU,57.4333,33.8159,46.18,87,95,8.57,overcast clouds
620,Nyurba,RU,63.2842,118.3319,33.39,85,97,5.5,light snow
621,Halifax,CA,44.6453,-63.5724,38.34,87,99,11.99,overcast clouds
622,Altay,CN,47.8667,88.1167,45.7,37,91,3.8,overcast clouds
623,Piterka,RU,50.6803,47.4454,59.59,61,99,6.8,overcast clouds
624,Hearst,CA,49.6835,-83.6665,44.85,94,97,6.42,overcast clouds
625,Baykit,RU,61.67,96.37,33.4,60,100,10.83,overcast clouds
626,Qixingtai,CN,30.4135,111.8874,72.93,80,100,3.13,overcast clouds
627,Mafinga,TZ,-7.25,35.0667,71.76,80,98,1.34,overcast clouds
628,Dwarka,IN,22.2394,68.9678,86.56,56,0,13.76,clear sky
629,Mercedes,AR,-34.6515,-59.4307,68.86,98,73,8.39,broken clouds
630,Acapulco,MX,16.8634,-99.8901,78.62,83,20,6.91,few clouds
631,Egvekinot,RU,66.3167,-179.1667,16.92,90,25,6.17,scattered clouds
632,Moose Jaw,CA,50.4001,-105.5344,26.85,74,7,3.44,clear sky
633,Huarmey,PE,-10.0681,-78.1522,67.5,87,82,9.15,broken clouds
634,Monrovia,LR,6.3005,-10.7969,74.97,91,99,5.01,overcast clouds
635,Plettenberg Bay,ZA,-34.0527,23.3716,58.08,81,97,8.21,light rain
636,Vostok,RU,46.4856,135.8833,53.22,34,89,10.58,overcast clouds
637,Pak Phanang,TH,8.3511,100.202,95.04,62,100,8.86,overcast clouds
638,Manokwari,ID,-0.8667,134.0833,84.18,67,15,4.85,few clouds
639,Salamiyah,SY,35.0113,37.0532,77.11,31,0,11.23,clear sky
640,Viedma,AR,-40.8135,-62.9967,55.0,36,91,23.73,overcast clouds
641,Uvat,RU,59.1433,68.8953,50.05,74,66,9.06,broken clouds
642,Chiang Klang,TH,19.2938,100.8617,103.28,28,10,3.42,clear sky
643,Santa Maria Da Boa Vista,BR,-8.8078,-39.8256,70.59,86,83,13.31,broken clouds
644,Aberdeen,GB,57.1437,-2.0981,43.75,100,100,4.61,overcast clouds
645,Silver City,US,32.7701,-108.2803,50.67,16,0,9.22,clear sky
646,Maragogi,BR,-9.0122,-35.2225,77.13,82,17,7.4,few clouds
647,Fort Morgan,US,40.2503,-103.8,31.42,51,0,0.0,clear sky
648,Visnes,NO,59.3556,5.2242,45.82,93,100,6.91,overcast clouds
649,Nanzhang,CN,31.7765,111.8386,71.67,67,99,8.19,overcast clouds
650,Kununurra,AU,-15.7667,128.7333,96.78,28,25,8.05,scattered clouds
651,Vilyuysk,RU,63.7553,121.6247,29.01,76,100,4.12,overcast clouds
652,Kogon,UZ,39.7228,64.5517,73.44,35,0,9.22,clear sky
653,Anadyr,RU,64.75,177.4833,28.9,80,20,15.66,few clouds
654,Tiruvannamalai,IN,12.2167,79.0667,95.86,33,2,7.54,clear sky
655,Agadez,NE,19.75,10.25,83.23,12,1,9.51,clear sky
656,Mattru,SL,7.6244,-11.8332,72.75,93,100,2.13,overcast clouds
657,Hambantota,LK,6.1241,81.1185,86.29,68,81,5.73,broken clouds
658,Mareeba,AU,-17.0,145.4333,71.44,97,100,3.02,moderate rain
659,Alyangula,AU,-13.8483,136.4192,82.36,76,61,8.21,broken clouds
660,Lovington,US,32.944,-103.3485,55.02,49,1,1.01,clear sky
661,Sur,OM,22.5667,59.5289,93.25,33,0,1.9,clear sky
662,Onguday,RU,50.75,86.15,44.42,31,86,4.05,overcast clouds
663,Areia Branca,BR,-4.9561,-37.1369,75.45,87,90,11.36,overcast clouds
664,Kampene,CD,-3.6,26.6667,70.61,94,98,1.43,overcast clouds
665,Bara,NG,10.3744,10.7288,81.66,59,72,13.18,broken clouds
666,Pilar,BR,-9.5972,-35.9567,71.53,87,18,2.08,few clouds
667,La Maddalena,IT,41.2142,9.4083,60.96,80,34,19.77,scattered clouds
668,Mbaiki,CF,3.8678,17.9892,74.14,83,100,2.84,overcast clouds
669,Ormara,PK,25.2088,64.6357,83.84,66,1,16.02,clear sky
670,Vrangel,RU,42.7297,133.0839,52.57,56,6,11.18,clear sky
671,Barao De Melgaco,BR,-16.1944,-55.9675,73.44,82,49,3.96,scattered clouds
672,Kem,RU,64.9555,34.5793,37.98,76,100,4.63,overcast clouds
673,Luangwa,ZM,-15.6167,30.4167,75.81,75,3,2.53,clear sky
674,Chardara,KZ,41.2547,67.9692,64.58,36,2,1.59,clear sky
675,Birin,NP,26.8865,88.0718,75.25,47,0,7.09,clear sky
676,Eau Claire,US,44.8114,-91.4985,39.58,68,75,12.66,broken clouds
677,Gushikawa,JP,26.3544,127.8686,83.79,72,75,12.66,broken clouds
678,Lagos,NG,6.5833,3.75,75.43,85,82,2.57,broken clouds
679,Impfondo,CG,1.6381,18.0667,73.99,88,91,2.35,overcast clouds
680,Dakar,SN,14.6937,-17.4441,72.48,88,0,13.8,clear sky
681,Iranshahr,IR,27.2025,60.6848,91.74,19,5,4.61,clear sky
682,Stanger,ZA,-29.3282,31.2895,64.29,88,100,9.06,overcast clouds
683,Sierra Vista,US,31.5545,-110.3037,58.59,16,0,10.36,clear sky
684,Hualmay,PE,-11.0964,-77.6139,66.87,87,52,9.24,broken clouds
685,San Rafael,AR,-34.6177,-68.3301,63.52,24,15,10.71,few clouds
686,Ugoofaaru,MV,5.6667,73.0,84.78,71,21,6.62,few clouds
687,Chingirlau,KZ,51.095,54.0814,57.78,52,68,11.45,broken clouds
688,Sicamous,CA,50.8331,-118.9856,61.77,78,99,4.63,overcast clouds
689,Hurghada,EG,27.2574,33.8129,76.82,36,0,18.01,clear sky
690,Verkhniye Sergi,RU,56.6469,59.5556,52.47,66,100,11.68,light rain
691,Baturaja,ID,-4.1333,104.1667,92.35,51,100,2.53,overcast clouds
692,Rawson,AR,-43.3002,-65.1023,53.69,36,1,34.09,clear sky
693,Kungurtug,RU,50.5994,97.5228,28.89,40,95,5.79,overcast clouds
694,Council Bluffs,US,41.2619,-95.8608,43.02,69,100,20.71,overcast clouds
695,Invermere,CA,50.5167,-116.0354,42.37,52,79,2.59,broken clouds
696,Tra Vinh,VN,9.9347,106.3453,94.84,45,79,9.51,broken clouds
